,tconst,primaryTitle,originalTitle,startYear,endYear,runtimeMinutes,numVotes,label
6,tt0011607,The Parson's Widow,Prästänkan,1920,\N,94,1264.0,True
17,tt0014358,The Pilgrim,,1923,\N,47,4891.0,True
20,tt0014611,Why Worry?,,1923,\N,63,1739.0,True
44,tt0016847,Faust,,1926,\N,107,14809.0,True
63,tt0018773,Thé Circús,,1928,\N,72,32601.0,True
68,tt0019109,Lonesome,,1928,\N,69,2231.0,True
77,tt0020122,Lucky Star,Lucky Star,1929,\N,100,1308.0,True
85,tt0021739,La Chienne,La chienne,1931,\N,91,4105.0,True
94,tt0022436,Street Scene,Street Scene,1931,\N,80,1738.0,True
109,tt0023649,Vampyr,Vampyr,1932,\N,75,17361.0,True
122,tt0024183,International House,,1933,\N,68,1261.0,True
146,tt0025913,The Triumph of the Will,Triumph des Willens,1935,\N,114,16974.0,True
148,tt0026029,Thé 39 Stéps,The 39 Steps,1935,\N,86,55071.0,True
160,tt0027438,The Charge of the Light Brigade,The Charge of the Light Brigade,1936,\N,115,4793.0,True
165,tt0027652,Fury,Fury,\N,1936,92,12115.0,True
172,tt0028096,The Petrified Forest,,1936,\N,82,13452.0,True
176,tt0028216,San Francisco,,1936,\N,115,5371.0,True
181,tt0028346,Reefer Madness,,1936,\N,66,8480.0,False
188,tt0028772,A Day at the Races,,1937,\N,111,13606.0,True
197,tt0029310,Night Múst Fáll,Night Must Fall,1937,\N,116,2497.0,True
205,tt0029850,Alexander Nevsky,Aleksandr Nevskiy,1938,\N,112,11088.0,True
227,tt0031235,Dodge City,,1939,\N,104,5061.0,True
249,tt0032138,The Wizard of Oz,The Wizard of Oz,1939,\N,102,382348.0,True
250,tt0032143,The Women,The Women,\N,1939,133,13466.0,True
257,tt0032284,Broadway Melody of 1940,,1940,\N,102,,True
273,tt0032910,Pinocchio,,\N,1940,88,138477.0,True
275,tt0032981,Remember the Night,Remember the Night,1940,\N,94,5343.0,True
286,tt0033533,The Devil and Miss Jones,,\N,1941,92,3991.0,True
295,tt0033802,Ládiés in Rétirémént,,1941,\N,91,1282.0,True
297,tt0033870,The Maltese Falcon,,1941,\N,100,,True
320,tt0034946,Kings Row,,1942,\N,127,4336.0,True
322,tt0035015,The Magnificent Ambersons,,1942,\N,88,,True
327,tt0035140,"Now, Voyager",,1942,\N,117,16397.0,True
346,tt0036191,The Adventures of Baron Munchausen,,1943,\N,110,,True
374,tt0037101,"Murder, My Sweet","Murder, My Sweet",1944,\N,95,12955.0,True
377,tt0037367,This Háppy Brééd,This Happy Breed,1944,\N,115,3263.0,True
387,tt0037671,The Enchanted Cottage,,1945,\N,91,3064.0,True
409,tt0038787,Notorious,,1946,\N,102,,True
410,tt0038823,Paisan,,1946,\N,126,8176.0,True
412,tt0038854,The Postman Always Rings Twice,The Postman Always Rings Twice,1946,\N,113,,True
423,tt0039101,Whistle Stop,Whistle Stop,\N,1946,85,1132.0,False
425,tt0039224,Brute Force,,1947,\N,98,9895.0,True
461,tt0040522,Bicycle Thieves,,1948,\N,89,157331.0,True
472,tt0040725,The Red Shoes,,1948,\N,135,33425.0,True
479,tt0040897,The Treasure of the Sierra Madre,,\N,1948,126,120830.0,True
483,tt0041268,Criss Cross,,1949,\N,84,8265.0,True
487,tt0041473,Holiday Affair,,1949,\N,87,5139.0,True
503,tt0042046,The Window,,1949,\N,73,,True
510,tt0042369,D.O.A.,,1949,\N,83,11602.0,True
532,tt0043379,Captain Horatio Hornblower,,1951,\N,117,6510.0,True
559,tt0044602,Fanfan la Tulipe,Fanfan la tulipe,1952,\N,102,2972.0,True
562,tt0044750,"Invasion, U.S.A.","Invasion, U.S.A.",\N,1952,73,1462.0,False
570,tt0045102,Room for One More,Room for One More,1952,\N,98,2301.0,True
577,tt0045274,Umberto D.,,1952,\N,89,24892.0,True
581,tt0045537,The Band Wagon,The Band Wagon,1953,\N,112,10975.0,True
618,tt0047278,The Night My Number Came Up,,1955,\N,94,,True
638,tt0048021,Rififi,Du rififi chez les hommes,1955,\N,118,33002.0,True
663,tt0048752,The Unknown Soldier,Tuntematon sotilas,1955,\N,177,7345.0,True
664,tt0048801,We're No Angels,,1955,\N,106,9021.0,True
686,tt0049474,The Man in the Gray Flannel Suit,The Man in the Gray Flannel Suit,1956,\N,153,3635.0,True
687,tt0049509,Miracle in the Rain,Miracle in the Rain,1956,\N,108,,True
693,tt0049665,Reach for the Sky,,1956,\N,135,2540.0,True
700,tt0049833,The Ten Commandments,,1956,\N,220,67743.0,True
701,tt0049843,There's Always Tomorrow,,1955,\N,84,2777.0,True
704,tt0049902,A Man Escaped,,1956,\N,101,20956.0,True
709,tt0050210,The Brain from Planet Arous,,\N,1957,71,1532.0,False
714,tt0050371,Á Fácé in thé Crớwd,A Face in the Crowd,1957,\N,126,15106.0,True
717,tt0050458,Il Grido,Il grido,1957,\N,116,4677.0,True
724,tt0050622,The Land Unknown,,1957,\N,78,1689.0,False
726,tt0050681,Man of a Thousand Faces,Man of a Thousand Faces,1957,\N,122,2599.0,True
749,tt0051739,The Horse's Mouth,,1958,\N,97,3401.0,True
770,tt0052218,Some Came Running,Some Came Running,1958,\N,137,6251.0,True
779,tt0052572,The World of Apu,,1959,\N,105,,True
787,tt0052708,The Cousins,,1959,\N,112,,True
791,tt0052805,First Man Into Space,First Man Into Space,1959,\N,77,1434.0,False
796,tt0052888,The Hideous Sun Demon,The Hideous Sun Demon,1958,\N,74,1372.0,False
797,tt0052918,Imitation of Life,,1959,\N,125,15753.0,True
798,tt0052954,Paper Flowers,,1959,\N,148,2238.0,True
818,tt0053317,The Destiny of a Man,Sudba cheloveka,1959,\N,103,3119.0,True
821,tt0053388,Battle in Outer Space,,\N,1959,90,1242.0,False
831,tt0053611,Attack of the Giant Leeches,,1959,\N,62,4274.0,False
851,tt0054047,Thé Mágnificént Sévén,The Magnificent Seven,1960,\N,128,,True
863,tt0054240,Ớrgy ớf thé Déád,Orgy of the Dead,1965,\N,92,2914.0,False
865,tt0054279,School for Scoundrels,,1960,\N,97,3391.0,True
866,tt0054292,Sergeant Rutledge,,1960,\N,111,4484.0,True
877,tt0054413,Everybody Go Home!,,1960,\N,122,1205.0,True
878,tt0054425,Taxi for Tobruk,Un taxi pour Tobrouk,1961,\N,95,,True
883,tt0054687,Blást ớf Siléncé,,1961,\N,77,3987.0,True
895,tt0055018,The Innocents,The Innocents,1961,\N,100,29243.0,True
896,tt0055031,Judgment at Nuremberg,,\N,1961,179,74441.0,True
899,tt0055100,Lover Come Back,Lover Come Back,1961,\N,107,7713.0,True
905,tt0055257,One-Eyed Jacks,One-Eyed Jacks,1961,\N,141,11027.0,True
909,tt0055408,Santo vs. the Vampire Women,Santo vs. las mujeres vampiro,1962,\N,89,1340.0,False
911,tt0055499,Thrớúgh á Gláss Dárkly,,1961,\N,90,24455.0,True
915,tt0055599,A Very Private Affair,,1962,\N,103,1049.0,False
916,tt0055602,A Difficult Life,,1961,\N,118,1679.0,True
927,tt0055872,The Creation of the Humanoids,,1962,\N,75,1260.0,False
932,tt0055981,I Fidánzáti,,1963,\N,77,1966.0,True
934,tt0056045,Gusarskaya ballada,,\N,1962,96,1537.0,True
954,tt0056412,Ride the High Country,Ride the High Country,1962,\N,94,12966.0,True
958,tt0056592,To Kill a Mockingbird,,1962,\N,129,306526.0,True
961,tt0056663,Vivre Sa Vie,,1962,\N,80,30394.0,True
995,tt0057591,Crooks in Clover,Les tontons flingueurs,1963,\N,105,5747.0,True
998,tt0057714,Zatoichi on the Road,Zatôichi kenka-tabi,1963,\N,85,1696.0,True
1011,tt0058092,Father Goose,Father Goose,1964,\N,118,10608.0,True
1036,tt0058586,Á Shớt in thé Dárk,A Shot in the Dark,1964,\N,102,27415.0,True
1047,tt0058997,Bunny Lake Is Missing,,1965,\N,107,8825.0,True
1050,tt0059044,Color Me Blood Red,Color Me Blood Red,1965,\N,79,1742.0,False
1052,tt0059126,Dr. Who and the Daleks,,1965,\N,82,,False
1056,tt0059221,The Ghost and Mr. Chicken,,1966,\N,90,6396.0,True
1089,tt0060182,Born Free,Born Free,\N,1966,95,6298.0,True
1127,tt0061376,The Last Adventure,,1967,\N,112,3199.0,True
1137,tt0061512,Cool Hand Luke,Cool Hand Luke,1967,\N,127,171453.0,True
1140,tt0061550,Gappa the Triphibian Monsters,Daikyojû Gappa,1967,\N,90,1536.0,False
1142,tt0061590,Dớn't Máké Wávés,,1967,\N,97,1590.0,False
1156,tt0061781,The Firemen's Ball,,1967,\N,73,10489.0,True
1165,tt0061976,The Million Eyes of Sumuru,The Million Eyes of Sumuru,1967,\N,95,1042.0,False
1169,tt0062078,Ớpérátiớn Kid Brớthér,OK Connery,1967,\N,104,1388.0,False
1189,tt0062741,The Blood of Fu Manchu,,\N,1968,92,1318.0,False
1220,tt0063483,"Rachel, Rachel",,1968,\N,101,3259.0,True
1229,tt0063729,Twisted Nerve,Twisted Nerve,1968,\N,112,,True
1235,tt0063977,99 Women,,1969,\N,83,1394.0,False
1245,tt0064265,Du bei dao wang,,\N,1969,105,1267.0,True
1255,tt0064473,The Illustrated Man,The Illustrated Man,\N,1969,103,2951.0,False
1298,tt0065976,Let It Be,,1969,\N,81,5983.0,True
1302,tt0066104,She Killed in Ecstasy,,1971,\N,80,1731.0,False
1310,tt0066319,Ryan's Daughter,,1970,\N,206,9459.0,True
1325,tt0066639,Thé Cérémớny,Gishiki,1971,\N,123,1046.0,True
1327,tt0066740,The Abominable Dr. Phibes,The Abominable Dr. Phibes,1971,\N,94,14565.0,True
1349,tt0067119,Fright,,1971,\N,87,1487.0,False
1368,tt0067592,The Devil's Nightmare,La plus longue nuit du diable,1971,\N,95,1829.0,False
1370,tt0067601,Thé Pớsséssiớn ớf Jớél Délánéy,,1972,\N,105,1021.0,False
1373,tt0067778,Murmur of the Heart,,\N,1971,118,9584.0,True
1386,tt0068000,Snake Fist Fighter,Diao shou guai zhao,1973,\N,80,1843.0,False
1389,tt0068161,The Dawns Here Are Quiet,A zori zdes tikhie,1972,\N,188,4155.0,True
1390,tt0068182,"Aguirre, the Wrath of God","Aguirre, der Zorn Gottes",1972,\N,95,55339.0,True
1399,tt0068326,Butterflies Are Free,Butterflies Are Free,1972,\N,109,4982.0,True
1406,tt0068421,The Cowboys,,\N,1972,134,14015.0,True
1407,tt0068504,The Mansion of Madness,,1973,\N,99,1012.0,False
1411,tt0068611,Frenzy,,1972,\N,116,44037.0,True
1414,tt0068649,The Gore Gore Girls,,1972,\N,81,2454.0,False
1420,tt0068767,Fist ớf Fúry,,1972,\N,106,29176.0,True
1428,tt0069005,Night of the Lepus,Night of the Lepus,1972,\N,88,4859.0,False
1433,tt0069097,"Play It Again, Sam",,1972,\N,85,25890.0,True
1437,tt0069278,Skyjacked,,1972,\N,101,1968.0,False
1440,tt0069303,Sounder,Sounder,1972,\N,105,3997.0,True
1441,tt0069318,Straight on Till Morning,,1972,\N,96,1187.0,False
1455,tt0069824,"Brother Sun, Sister Moon","Fratello sole, sorella luna",1972,\N,135,4423.0,True
1463,tt0070040,The Spirit of the Beehive,El espíritu de la colmena,1973,\N,98,17937.0,True
1468,tt0070190,Horror Hospital,,1973,\N,90,1549.0,False
1487,tt0070654,Scream Bloody Murder,,1972,\N,90,1077.0,False
1504,tt0071216,Big Bád Mámá,,1974,\N,84,,False
1509,tt0071455,Earthquake,,1974,\N,122,15769.0,False
1532,tt0072368,"Vincént, Fránçớis, Páúl ánd thé Ớthérs",,1974,\N,118,2363.0,True
1534,tt0072613,Afonya,,1975,\N,92,3977.0,True
1539,tt0072761,Capone,,1975,\N,101,2851.0,False
1547,tt0072931,Emil and the Piglet,,1973,\N,97,2639.0,True
1550,tt0072973,"Fáréwéll, My Lớvély",,1975,\N,95,7948.0,True
1558,tt0073115,The Story of O,,1975,\N,105,6169.0,False
1567,tt0073442,It Can't Be!,Ne mozhet byt!,1975,\N,100,1906.0,True
1568,tt0073470,Strip Nude for Your Killer,,1975,\N,98,2444.0,False
1573,tt0073582,Deep Red,Profondo rosso,1975,\N,127,36146.0,True
1598,tt0074443,Duelle,,\N,1976,121,1432.0,True
1602,tt0074520,Horse Fever,Febbre da cavallo,1976,\N,94,1908.0,True
1606,tt0074569,The Gestapo's Last Orgy,,1977,\N,96,1335.0,False
1613,tt0074670,"Ilsa, Harem Keeper of the Oil Sheiks","Ilsa, Harem Keeper of the Oil Sheiks",1976,\N,85,2725.0,False
1632,tt0075119,A Slave of Love,,1976,\N,94,,True
1637,tt0075323,"That's Entertainment, Part II","That's Entertainment, Part II",\N,1976,133,2217.0,True
1644,tt0075686,Annie Hall,Annie Hall,1977,\N,93,,True
1646,tt0075730,Camouflage,Barwy ochronne,1977,\N,106,1431.0,True
1648,tt0075783,Breaker! Breaker!,Breaker! Breaker!,1977,\N,86,3241.0,False
1685,tt0076786,Suspiria,Suspiria,1977,\N,99,88511.0,True
1701,tt0077318,The Chant of Jimmie Blacksmith,,1978,\N,122,2114.0,True
1719,tt0077743,International Velvet,International Velvet,1978,\N,127,,False
1722,tt0077834,Laserblast,,1978,\N,85,6152.0,False
1725,tt0078084,The Adventures of Picasso,Picassos äventyr,1978,\N,115,3535.0,True
1727,tt0078158,Return from Witch Mountain,Return from Witch Mountain,\N,1978,95,4994.0,False
1740,tt0078723,1941,,1979,\N,118,32805.0,False
1754,tt0079002,Hothead,,1979,\N,89,1936.0,True
1755,tt0079010,Christ Stopped at Eboli,,1979,\N,150,2345.0,True
1763,tt0079261,Hair,Hair,1979,\N,121,36773.0,True
1769,tt0079522,Manhattan,Manhattan,1979,\N,96,137263.0,True
1783,tt0079871,Scum,,1979,\N,98,11179.0,True
1808,tt0080645,Don't Answer the Phone!,,1980,\N,94,1859.0,False
1835,tt0081991,Rasputin,,1981,\N,151,1504.0,True
1851,tt0082317,They Don't Wear Black Tie,,1981,\N,120,1442.0,True
1854,tt0082348,Excalibur,Excalibur,1981,\N,140,60175.0,True
1882,tt0082797,Naseeb,,\N,1981,197,1685.0,True
1889,tt0082945,Princé ớf thé City,Prince of the City,1981,\N,167,8019.0,True
1898,tt0083162,The Mysterious Castle in the Carpathians,Tajemství hradu v Karpatech,1981,\N,97,,True
1926,tt0083888,The Simple-Minded Murderer,,1982,\N,108,3180.0,True
1934,tt0084042,An Egyptian Story,,1982,\N,115,1075.0,True
1941,tt0084352,Monty Python Live at the Hollywood Bowl,,1982,\N,77,15069.0,True
1947,tt0084424,Warriors of the Wasteland,,1983,\N,91,2664.0,False
2006,tt0085627,I guerrieri dell'anno 2072,,1984,\N,94,1344.0,False
2025,tt0086058,The Osterman Weekend,,1983,\N,103,8488.0,False
2031,tt0086182,Rembetiko,,1983,\N,110,2794.0,True
2068,tt0086907,Antonio Gaudí,Antonio Gaudí,1984,\N,72,1557.0,True
2070,tt0086972,The Blade Master,Ator 2: L'invincibile Orion,1982,\N,92,3724.0,False
2078,tt0087003,Brớádwáy Dánny Rớsé,Broadway Danny Rose,1984,\N,84,24997.0,True
2087,tt0087336,Girls Nite Out,,1982,\N,96,1299.0,False
2091,tt0087464,Impulse,,1984,\N,91,1416.0,False
2093,tt0087472,The Initiation,The Initiation,1984,\N,97,3492.0,False
2100,tt0087666,Making the Grade,Making the Grade,1984,\N,105,1429.0,False
2113,tt0087921,Places in the Heart,Places in the Heart,1984,\N,111,11509.0,True
2115,tt0088015,Rớniá: Thé Rớbbér's Dáúghtér,,1984,\N,126,10818.0,True
2138,tt0088794,Better Off Dead...,,1985,\N,97,43369.0,True
2150,tt0089074,Egészséges erotika,,1986,\N,94,,True
2153,tt0089199,Get Out of My Room,Get Out of My Room,1985,\N,53,1173.0,False
2168,tt0089584,The Mass Is Ended,,\N,1985,94,1791.0,True
2171,tt0089606,My Life as a Dog,Mitt liv som hund,1985,\N,101,20636.0,True
2180,tt0089798,Perfect,Perfect,1985,\N,115,5136.0,False
2185,tt0089893,Red Sonja,,1985,\N,89,40554.0,False
2209,tt0090678,Avenging Force,,1986,\N,104,2770.0,False
2229,tt0091167,Hánnáh ánd Hér Sistérs,,\N,1986,107,,True
2238,tt0091313,Born American,Born American,1986,\N,97,1989.0,False
2240,tt0091344,King Kong Lives,King Kong Lives,1986,\N,105,5954.0,False
2256,tt0091759,Dead Man's Letters,Pisma myortvogo cheloveka,1986,\N,87,3065.0,True
2261,tt0091818,Radioactive Dreams,Radioactive Dreams,1985,\N,98,1662.0,False
2263,tt0091886,Salvador,,1986,\N,122,20712.0,True
2272,tt0092115,Troll,,1986,\N,82,10060.0,False
2279,tt0092501,Prớjéct Á 2,'A' gai wak 2,1987,\N,106,9943.0,True
2305,tt0092910,Doom Asylum,Doom Asylum,1987,\N,77,1564.0,False
2317,tt0093142,Hangmen,,1987,\N,90,1089.0,False
2318,tt0093146,Hard Ticket to Hawaii,,1987,\N,96,4263.0,False
2324,tt0093207,Wings ớf Hớnnéámisé,Ôritsu uchûgun Oneamisu no tsubasa,1987,\N,121,5141.0,True
2332,tt0093412,Law of Desire,,1987,\N,102,11832.0,True
2334,tt0093426,An Autumn's Tale,Chau tin dik tung wa,1987,\N,98,,True
2335,tt0093427,Varázslat - A Queen Budapesten,,\N,1987,90,1031.0,True
2365,tt0094033,Steel Dawn,Steel Dawn,1987,\N,101,4955.0,False
2373,tt0094226,The Untouchables,,1987,\N,119,297505.0,True
2376,tt0094321,Who's That Girl,Who's That Girl,\N,1987,92,9982.0,False
2385,tt0094642,American Gothic,American Gothic,1987,\N,90,3474.0,False
2400,tt0094868,Chớcớlát,Chocolat,1988,\N,105,3283.0,True
2435,tt0095687,My Stepmother Is an Alien,My Stepmother Is an Alien,1988,\N,105,25922.0,False
2443,tt0095895,Powaqqatsi,Powaqqatsi,1988,\N,99,8197.0,True
2450,tt0095989,Return of the Killer Tomatoes!,Return of the Killer Tomatoes!,1988,\N,98,7079.0,False
2490,tt0097371,Food of the Gods II,Food of the Gods II,1989,\N,91,1282.0,False
2495,tt0097416,Kadhalan,,1994,\N,168,1932.0,True
2500,tt0097530,Hớw I Gớt Intớ Cớllégé,How I Got Into College,1989,\N,86,2203.0,False
2508,tt0097722,Lean on Me,,1989,\N,108,,True
2539,tt0098321,Shớcking Dárk,Terminator II,1989,\N,90,1435.0,False
2593,tt0100095,Maine Pyar Kiya,Maine Pyar Kiya,1989,\N,192,11981.0,True
2598,tt0100156,Mirror Mirror,,1990,\N,104,1713.0,False
2614,tt0100611,Sibling Rivalry,,1990,\N,87,2673.0,False
2621,tt0100975,Xtro II: The Second Encounter,Xtro II: The Second Encounter,1991,\N,92,1662.0,False
2627,tt0101309,Alligator II: The Mutation,,\N,1991,92,2216.0,False
2631,tt0101453,Billy Bathgate,,1991,\N,106,11803.0,False
2632,tt0101455,Bingo,Bingo,1991,\N,89,2844.0,False
2646,tt0101725,Diary of a Hitman,,1991,\N,90,1899.0,False
2669,tt0102469,Mortal Thoughts,,1991,\N,103,8730.0,False
2676,tt0102741,Queens Logic,,1991,\N,100,,False
2678,tt0102800,Robot Jox,,1989,\N,85,6221.0,False
2692,tt0103111,Hard to Die,,1990,\N,77,1229.0,False
2702,tt0103767,Baraka,Baraka,1992,\N,96,37929.0,True
2737,tt0104740,Little Nemo: Adventures in Slumberland,,1989,\N,85,7202.0,True
2743,tt0104797,Málcớlm X,Malcolm X,1992,\N,202,91274.0,True
2791,tt0106379,Being Human,Being Human,1994,\N,122,4016.0,False
2810,tt0106873,Fatal Instinct,Fatal Instinct,1993,\N,91,7302.0,False
2820,tt0107147,A House in the Hills,,1993,\N,95,1285.0,False
2824,tt0107207,In the Name of the Father,In the Name of the Father,1993,\N,133,167605.0,True
2830,tt0107330,Little Sharks,,1992,\N,87,,True
2839,tt0107623,The Music of Chance,The Music of Chance,1993,\N,98,,True
2843,tt0107756,Orlando,Orlando,1992,\N,94,,True
2877,tt0108574,No More Mr. Nice Guy,Wir können auch anders...,\N,1993,92,1242.0,True
2884,tt0109117,Andaz Apna Apna,,1994,\N,160,52107.0,True
2892,tt0109415,Childrén ớf thé Cớrn III: Úrbán Hárvést,Children of the Corn III: Urban Harvest,1995,\N,92,7325.0,False
2896,tt0109445,Clérks,Clerks,1994,\N,92,217530.0,True
2908,tt0109686,Dumb and Dumber,,1994,\N,107,369767.0,True
2909,tt0109688,Áshés ớf Timé,Dung che sai duk,1994,\N,100,14692.0,True
2930,tt0110146,Intersection,,1994,\N,98,8213.0,False
2935,tt0110202,The Ride,,1994,\N,90,1059.0,True
2949,tt0110410,Lurking Fear,Lurking Fear,\N,1994,76,1479.0,False
2950,tt0110442,Major League II,Major League II,1994,\N,105,26071.0,False
2952,tt0110538,Mixéd Núts,,1994,\N,97,11410.0,False
2959,tt0110689,Nớstrádámús,Nostradamus,1994,\N,119,2897.0,False
2961,tt0110719,Window to Paris,Okno v Parizh,1993,\N,115,1444.0,True
2962,tt0110785,La pasión turca,La pasión turca,1994,\N,112,1050.0,False
2985,tt0111488,Trial by Jury,Trial by Jury,1994,\N,107,1871.0,False
2990,tt0111797,Eat Drink Man Woman,Yin shi nan nu,1994,\N,124,20111.0,True
2998,tt0112438,Thé Bábysittér,The Babysitter,1995,\N,90,5169.0,False
3009,tt0112625,Candyman: Farewell to the Flesh,Candyman: Farewell to the Flesh,1995,\N,95,12555.0,False
3015,tt0112757,The Cure,,1995,\N,97,9701.0,True
3036,tt0113492,Judge Dredd,Judge Dredd,1995,\N,96,115185.0,False
3045,tt0113703,Love Letter,,\N,1995,117,8308.0,True
3065,tt0114055,Pécúliáritiés ớf thé Nátiớnál Húnt,,1995,\N,93,4113.0,True
3066,tt0114099,The Passion of Darkly Noon,,\N,1995,100,3852.0,False
3087,tt0114732,The Three Brothers,,1995,\N,105,6631.0,True
3093,tt0114863,Ulysses' Gaze,To vlemma tou Odyssea,1995,\N,176,6679.0,True
3101,tt0115530,American Buffalo,,1996,\N,88,3720.0,False
3126,tt0115994,Curdled,,1996,\N,88,5216.0,False
3134,tt0116240,The Evening Star,The Evening Star,1996,\N,129,4583.0,False
3143,tt0116367,From Dusk Till Dawn,,1996,\N,108,,True
3167,tt0116851,Leila,Leila,1997,\N,102,3603.0,True
3168,tt0116852,Léily Is with Mé,Leily Ba Man Ast,1996,\N,95,4452.0,True
3175,tt0117002,Mary Reilly,Mary Reilly,1996,\N,108,14721.0,False
3178,tt0117060,Mission: Impossible,Mission: Impossible,1996,\N,110,406184.0,True
3183,tt0117214,Á Mớmént ớf Innớcéncé,Nun va Goldoon,1996,\N,78,3697.0,True
3187,tt0117293,Paradise Lost: The Child Murders at Robin Hood Hills,,1996,\N,150,16296.0,True
3196,tt0117500,The Rock,The Rock,1996,\N,136,326002.0,True
3200,tt0117571,Scream,Scream,1996,\N,111,313116.0,True
3212,tt0117891,A Thin Line Between Love and Hate,A Thin Line Between Love and Hate,1996,\N,108,4831.0,False
3214,tt0117898,"This World, Then the Fireworks",,1997,\N,100,1207.0,False
3219,tt0117958,Trees Lounge,Trees Lounge,1996,\N,95,16117.0,True
3233,tt0118665,Baby Geniuses,,1999,\N,97,26158.0,False
3242,tt0118819,Live Flesh,Carne trémula,1997,\N,103,30155.0,True
3257,tt0119088,Éxécútivé Tárgét,,1997,\N,100,1081.0,False
3277,tt0119327,Hugo Pool,Hugo Pool,1997,\N,92,,False
3283,tt0119432,Jungle 2 Jungle,,1997,\N,105,23877.0,False
3287,tt0119512,Left Luggage,Left Luggage,1998,\N,100,,True
3309,tt0120029,RocketMan,,1997,\N,95,9500.0,False
3321,tt0120190,Sprung,Sprung,1997,\N,105,1121.0,False
3324,tt0120214,Danes Without a Clue,Stjerner uden hjerner,1997,\N,79,2587.0,False
3326,tt0120321,Smoke Signals,Smoke Signals,1998,\N,89,11433.0,True
3342,tt0120655,Dogma,Dogma,1999,\N,130,213466.0,True
3355,tt0120764,My Favorite Martian,,1999,\N,94,13376.0,False
3358,tt0120784,Payback,,1999,\N,100,135845.0,True
3364,tt0120866,Titus,,1999,\N,162,20393.0,True
3368,tt0120910,Fantasia 2000,Fantasia 2000,1999,\N,75,37192.0,True
3371,tt0122082,The Crazy Stranger,,1997,\N,102,7792.0,True
3375,tt0122735,Lucky and Zorba,,1998,\N,75,1687.0,True
3378,tt0123034,Déád Mán's Cúrvé,,1998,\N,91,5794.0,False
3384,tt0123392,B.D. in the Mountains and on the Seaside,B.D. la munte si la mare,1971,\N,100,1838.0,True
3401,tt0127354,Wavelength,,1967,\N,45,2494.0,False
3426,tt0131479,Detective Conan: The Time Bombed Skyscraper,Meitantei Conan: Tokei-jikake no matenrou,1997,\N,99,,True
3427,tt0131502,No Code of Conduct,No Code of Conduct,1998,\N,90,1531.0,False
3442,tt0135519,"Bárrél Piánớ, Pớvérty ánd Éárnéstnéss","Laterna, ftoheia kai filotimo",1955,\N,91,1098.0,True
3451,tt0138074,Santa and the Ice Cream Bunny,Santa and the Ice Cream Bunny,1972,\N,96,1431.0,False
3473,tt0141098,Forces of Nature,,1999,\N,105,33551.0,False
3478,tt0141998,The Last Spring,,1994,\N,90,1200.0,True
3489,tt0144020,Pickpocket,Xiao Wu,1997,\N,108,2446.0,True
3491,tt0144117,Thé Bớớndớck Sáints,The Boondock Saints,1999,\N,108,234222.0,True
3493,tt0144201,Girl on the Bridge,La fille sur le pont,1999,\N,90,13637.0,True
3502,tt0146316,Lara Croft: Tomb Raider,,2001,\N,100,205201.0,False
3520,tt0154443,8 ½ Women,,1999,\N,118,3961.0,False
3530,tt0156701,"Khrustalyov, My Car!","Khrustalyov, mashinu!",1998,\N,147,1789.0,True
3536,tt0157122,Fáithléss,Trolösa,2000,\N,154,3410.0,True
3548,tt0160484,Lost Souls,,2000,\N,97,10838.0,False
3568,tt0164983,Samaritan Zatoichi,Zatôichi kenka-daiko,1968,\N,84,1113.0,True
3578,tt0165870,Maniac Nurses find Ecstasy,,1990,\N,75,1181.0,False
3602,tt0168629,Dancer in the Dark,,2000,\N,140,106797.0,True
3605,tt0169376,Welcome to Hollywood,,1998,\N,89,2119.0,False
3611,tt0171685,Ratcatcher,Ratcatcher,1999,\N,94,9928.0,True
3619,tt0173024,Visitor of a Museum,Posetitel muzeya,1989,\N,136,1076.0,True
3627,tt0174931,Frivớlớús Lớlá,Monella,1998,\N,105,3598.0,False
3628,tt0175526,Cherry Falls,Cherry Falls,2000,\N,92,13079.0,False
3641,tt0178642,The Invisible Circus,The Invisible Circus,2001,\N,93,3043.0,False
3655,tt0181328,Boulevard of the Revolution,Bulevar revolucije,1992,\N,99,1105.0,True
3656,tt0181530,East/West,,1999,\N,121,4798.0,True
3659,tt0181845,A Holy Place,Sveto mesto,1990,\N,90,1030.0,True
3670,tt0184872,Rurouni Kenshin: Requiem for the Ishin Patriots,Rurôni Kenshin: Ishin shishi e no Requiem,1997,\N,90,2705.0,True
3696,tt0190374,Dúngéớns & Drágớns,Dungeons & Dragons,2000,\N,107,33009.0,False
3700,tt0191074,New Best Friend,New Best Friend,2002,\N,91,3307.0,False
3710,tt0193741,Badding,,2000,\N,103,1284.0,False
3717,tt0196614,Hjärta av sten,,2000,\N,79,1180.0,False
3722,tt0199290,3 Strikes,3 Strikes,2000,\N,82,3448.0,False
3732,tt0200710,Hitớkiri,Hitokiri,1969,\N,140,1042.0,True
3737,tt0202055,Vanaprastham,Vanaprastham,1999,\N,119,,True
3739,tt0202641,Two Family House,,2000,\N,108,1668.0,True
3740,tt0203009,Moulin Rouge!,Moulin Rouge!,2001,\N,127,275778.0,True
3773,tt0211938,Bait,,2000,\N,119,12373.0,False
3787,tt0216625,Code Unknown,,2000,\N,118,13198.0,True
3793,tt0217590,The Adventures of Mowgli,Maugli,1973,\N,90,1870.0,True
3794,tt0217630,Loser,,2000,\N,98,28608.0,False
3799,tt0218864,Buying the Cow,,2002,\N,88,7058.0,False
3800,tt0219653,Dracula 2000,Dracula 2000,2000,\N,99,,False
3813,tt0225535,The Debt,,1999,\N,106,3595.0,True
3838,tt0234988,The Town Is Quiet,,2000,\N,133,1226.0,True
3845,tt0236576,Paragraph 175,Paragraph 175,2000,\N,81,2029.0,True
3848,tt0237138,Dasharatham,,1989,\N,154,1988.0,True
3852,tt0238380,Éqúilibriúm,,2002,\N,107,320731.0,True
3857,tt0240119,Tomie,,1998,\N,95,1753.0,False
3873,tt0242572,Priyuralu Pilichindi,,\N,2000,151,2993.0,True
3878,tt0243558,Révớlútiớnáry Girl Úténá: Thé Mớvié,Shôjo kakumei Utena: Adolescence mokushiroku,1999,\N,85,1470.0,True
3886,tt0245429,Spiritéd Áwáy,,2001,\N,125,705217.0,True
3896,tt0246593,Big Ánimál,Duze zwierze,2000,\N,73,,True
3903,tt0247945,Badri,,2000,\N,158,1873.0,True
3905,tt0248036,Get Ready to Be Boyzvoiced,,2000,\N,95,1492.0,True
3910,tt0248661,3 A.M.,,2001,\N,92,1308.0,False
3918,tt0250258,The Experiment,,2001,\N,120,92736.0,True
3920,tt0251160,John Q,John Q,2002,\N,116,129773.0,True
3924,tt0252028,Surviving Christmas,,\N,2004,91,24058.0,False
3938,tt0252985,Ask Me If I'm Happy,Chiedimi se sono felice,2000,\N,100,5911.0,True
3951,tt0254001,Üç Kágitçi,Üç Kagitçi,1981,\N,88,5340.0,True
3960,tt0255958,Down House,,2001,\N,95,2076.0,True
3972,tt0259182,The American Nightmare,The American Nightmare,2000,\N,73,1930.0,True
3977,tt0260332,The Day I Became a Woman,,2000,\N,78,1736.0,True
3979,tt0260987,The Dream Factory,,1997,\N,90,1414.0,True
3980,tt0260991,Joint Security Area,,2000,\N,110,28748.0,True
3981,tt0261175,Peter Bell,,2002,\N,110,2146.0,False
3985,tt0262240,As I Was Moving Ahead Occasionally I Saw Brief Glimpses of Beauty,,2000,\N,288,1116.0,True
3988,tt0262826,Thomas in Love,Thomas est amoureux,2000,\N,97,1977.0,True
3991,tt0263265,Shortcut to Happiness,,2003,\N,106,5467.0,False
3998,tt0264150,View from the Top,View from the Top,\N,2003,87,26553.0,False
4017,tt0266747,Marci X,Marci X,2003,\N,84,5325.0,False
4022,tt0267804,The One,,\N,2001,87,90601.0,False
4023,tt0267891,The Ringer,,2005,\N,94,36224.0,False
4028,tt0268978,A Beautiful Mind,,2001,\N,135,,True
4036,tt0270560,Our Lips Are Sealed,Our Lips Are Sealed,2000,\N,89,,False
4046,tt0271678,No: 20 Madras Mail,,1990,\N,177,1165.0,True
4070,tt0277703,"Féúér, Éis & Dớsénbiér","Feuer, Eis & Dosenbier",2002,\N,83,1118.0,False
4074,tt0278504,Insomnia,,2002,\N,118,286487.0,True
4082,tt0280438,Ash Wednesday,Ash Wednesday,2002,\N,99,3048.0,False
4086,tt0280653,Amen.,Amen.,2002,\N,132,13986.0,True
4087,tt0280674,The First $20 Million Is Always the Hardest,,2002,\N,105,3140.0,False
4089,tt0280707,Gosford Park,,\N,2001,131,84800.0,True
4091,tt0280969,My Little Eye,,\N,2002,95,12005.0,False
4096,tt0282209,Darkness Falls,Darkness Falls,2003,\N,86,31328.0,False
4098,tt0282552,Riders,,2002,\N,83,5864.0,False
4102,tt0283015,Stranded,,2001,\N,95,2703.0,False
4138,tt0289968,Hababam Sinifi Dokuz Doguruyor,Hababam Sinifi Dokuz Doguruyor,1978,\N,88,8223.0,True
4141,tt0290332,The Wash,,2001,\N,96,7025.0,False
4164,tt0295721,Taxi 3,Taxi 3,2003,\N,84,41786.0,False
4166,tt0296574,Company,Company,2002,\N,142,15140.0,True
4173,tt0298845,In America,In America,\N,2002,105,42597.0,True
4175,tt0299108,Rehnaa Hai Terre Dil Mein,Rehnaa Hai Terre Dil Mein,2001,\N,160,8061.0,True
4184,tt0301245,Oysters at Nam Kee's,,2002,\N,99,1325.0,False
4191,tt0302297,Barely Legal,,2003,\N,90,6013.0,False
4201,tt0304126,Grill Point,,2002,\N,111,1625.0,True
4202,tt0304669,The Santa Clause 2,,2002,\N,104,54372.0,False
4211,tt0306734,The Divorce,Le divorce,2003,\N,117,11357.0,False
4218,tt0307385,Rivers and Tides,Rivers and Tides,2001,\N,90,2349.0,True
4226,tt0308280,Friends,,2001,\N,167,,True
4256,tt0314725,Standing in the Shadows of Motown,Standing in the Shadows of Motown,\N,2002,108,3612.0,True
4267,tt0316494,Laughter and Punishment,,\N,2003,94,1018.0,False
4295,tt0326143,Sáint Séiyá: Légénd ớf Crimsớn Yớúth,,1988,\N,71,1236.0,True
4304,tt0327071,Om Jai Jagadish,,2002,\N,172,1970.0,False
4305,tt0327162,The Stepford Wives,The Stepford Wives,\N,2004,93,64581.0,False
4318,tt0329083,Finé Déád Girls,Fine mrtve djevojke,2002,\N,77,2301.0,True
4320,tt0329354,Marigold,Marigold,2007,\N,110,1956.0,False
4335,tt0332452,Troy,,2004,\N,163,511623.0,True
4340,tt0333780,"Legally Blonde 2: Red, White & Blonde","Legally Blonde 2: Red, White & Blonde",2003,\N,95,64849.0,False
4360,tt0339072,Gladiatress,Gladiatress,2004,\N,89,1403.0,False
4376,tt0342275,A Decade Under the Influence,,2003,\N,138,2683.0,True
4381,tt0344273,Kings & Queen,,2004,\N,150,3799.0,True
4382,tt0345032,The Keys to the House,,2004,\N,105,2372.0,True
4384,tt0345549,Last Life in the Universe,Ruang rak noi nid mahasan,2003,\N,112,11089.0,True
4386,tt0346094,Distánt,,2002,\N,110,20434.0,True
4400,tt0349467,Freedomland,Freedomland,2006,\N,113,16091.0,False
4403,tt0349878,Netaji Subhas Chandra Bose: The Forgotten Hero,,2005,\N,208,1153.0,True
4408,tt0350774,Déád & Bréákfást,Dead & Breakfast,2004,\N,88,5919.0,False
4418,tt0354148,Vadakkunokkiyantram,,1989,\N,120,,True
4428,tt0357283,Silent Waters,,2003,\N,99,1134.0,True
4433,tt0358345,Thé Úninvitéd,4 inyong shiktak,2003,\N,127,1534.0,False
4440,tt0360916,The Real Cancun,The Real Cancun,2003,\N,96,3886.0,False
4443,tt0361596,Fahrenheit 9/11,Fahrenheit 9/11,2004,\N,122,128496.0,True
4462,tt0363589,Elephant,Elephant,2003,\N,81,89186.0,True
4490,tt0368619,Brides,Nyfes,2004,\N,128,4655.0,True
4492,tt0368688,Direct Action,Direct Action,2004,\N,97,1543.0,False
4494,tt0368836,The Lazarus Child,The Lazarus Child,2004,\N,93,1003.0,False
4497,tt0368962,Mirage,Iluzija,\N,2004,107,,True
4531,tt0374887,Munna Bhai M.B.B.S.,Munna Bhai M.B.B.S.,2003,\N,156,78649.0,True
4561,tt0378848,Battle for Finland,,2007,\N,117,1824.0,False
4575,tt0380615,Paper Clips,,2004,\N,82,1725.0,True
4591,tt0382385,Zameen,Zameen,2003,\N,154,1543.0,False
4610,tt0385639,Death Bed: The Bed That Eats,,1977,\N,78,2398.0,False
4640,tt0389557,Black Book,,2006,\N,145,,True
4655,tt0393567,The Other Side,The Other Side,2006,\N,92,1471.0,False
4661,tt0395802,Veergati,,1995,\N,166,1639.0,False
4669,tt0396857,Shadowboxer,Shadowboxer,2005,\N,93,6749.0,False
4670,tt0397044,Blood and Chocolate,Blood and Chocolate,2007,\N,98,17625.0,False
4671,tt0397065,Hớúsé ớf Wáx,,2005,\N,113,120931.0,False
4675,tt0398029,The Last Drop,The Last Drop,2006,\N,103,2563.0,False
4680,tt0399040,My Girl,,2003,\N,110,1968.0,True
4683,tt0400156,Ambulance,Ambulancen,2005,\N,80,1236.0,False
4684,tt0400172,Anus Magillicutty,,2003,\N,70,3767.0,False
4708,tt0405094,The Lives of Others,,2006,\N,137,376107.0,True
4716,tt0407246,Duck Season,,2004,\N,90,4028.0,True
4737,tt0411098,All the Invisible Children,All the Invisible Children,2005,\N,124,4050.0,True
4742,tt0411674,Mondovino,,2004,\N,135,1455.0,True
4748,tt0413099,Evan Almighty,Evan Almighty,\N,2007,96,144085.0,False
4758,tt0415489,Áméricán Crúdé,American Crude,2008,\N,96,,False
4780,tt0419946,The Marine,The Marine,2006,\N,92,,False
4781,tt0419984,Mr. Woodcock,Mr. Woodcock,2007,\N,87,35777.0,False
4784,tt0420223,Stranger Than Fiction,Stranger Than Fiction,2006,\N,113,224954.0,True
4791,tt0421051,Daniel the Wizard,,2004,\N,81,14268.0,False
4798,tt0421974,Sky Fightérs,Les chevaliers du ciel,2005,\N,102,4444.0,False
4809,tt0423470,Vasoolraja M.B.B.S,Vasoolraja M.B.B.S,2004,\N,160,3254.0,True
4817,tt0424565,The Wild Parrots of Telegraph Hill,,2003,\N,83,3007.0,True
4824,tt0425112,Hot Fuzz,,2007,\N,121,,True
4828,tt0425333,Pardon,,2005,\N,94,20695.0,True
4837,tt0426578,Sớphié Schớll: Thé Finál Dáys,Sophie Scholl - Die letzten Tage,2005,\N,120,27293.0,True
4840,tt0426931,August Rush,August Rush,2007,\N,114,105990.0,True
4850,tt0428212,All Souls Day: Dia de los Muertos,,\N,2005,88,1480.0,False
4851,tt0428251,Vénớm,,2005,\N,87,10012.0,False
4864,tt0430651,Survive Style 5+,,2004,\N,120,9599.0,True
4890,tt0437459,Rollin' with the Nines,,2006,\N,96,1171.0,False
4907,tt0441611,Coma,,2004,\N,84,1338.0,False
4930,tt0446312,The 2 Sides of the Bed,Los 2 lados de la cama,2005,\N,104,1372.0,False
4935,tt0449059,Little Miss Sunshine,Little Miss Sunshine,2006,\N,101,458921.0,True
4951,tt0450506,Suburban Mayhem,Suburban Mayhem,2006,\N,95,1457.0,False
4972,tt0454879,Journey to the End of the Night,,2006,\N,88,2567.0,False
4978,tt0455590,The Last King of Scotland,,2006,\N,123,182099.0,True
4981,tt0455857,When a Stranger Calls,,2006,\N,87,,False
5009,tt0462335,High-Rise,,\N,2015,119,,False
5018,tt0463392,Zombie Nation,,2004,\N,81,8089.0,False
5024,tt0465142,American Dreamz,American Dreamz,2006,\N,107,24660.0,False
5044,tt0469429,Her Best Move,,\N,2007,101,2286.0,False
5049,tt0469903,The Express,,2008,\N,130,20968.0,True
5071,tt0475276,United 93,,2006,\N,111,,True
5077,tt0475944,The Covenant,The Covenant,2006,\N,97,48559.0,False
5083,tt0476884,Taxi No. 9 2 11: Nau Do Gyarah,Taxi No. 9 2 11: Nau Do Gyarah,2006,\N,116,9749.0,True
5084,tt0476958,Amusement,Amusement,\N,2008,85,11580.0,False
5086,tt0477139,Wristcutters: A Love Story,Wristcutters: A Love Story,2006,\N,88,55150.0,True
5087,tt0477252,36 China Town,36 China Town,2006,\N,140,4551.0,False
5103,tt0479230,Crossing Borders,Un Franco 14 Pesetas,2006,\N,102,1303.0,True
5104,tt0479354,Chronicle of an Escape,Crónica de una fuga,2006,\N,103,3560.0,True
5133,tt0485985,Red Tails,,2012,\N,125,34861.0,False
5142,tt0487027,FC Venus,FC Venus,\N,2006,100,1217.0,False
5145,tt0488027,Sáviớúr Sqúáré,,2006,\N,105,1783.0,True
5150,tt0488658,Unaccompanied Minors,Unaccompanied Minors,2006,\N,90,11161.0,False
5153,tt0489010,A Crime,,2006,\N,103,1989.0,False
5159,tt0490076,All the Boys Love Mandy Lane,,2006,\N,90,32387.0,False
5164,tt0491046,A Matador's Mistress,Manolete,2008,\N,92,3026.0,False
5167,tt0492487,Small Town Gay Bar,Small Town Gay Bar,2006,\N,76,1135.0,True
5178,tt0493437,Apna Sapna Money Money,Apna Sapna Money Money,2006,\N,134,,False
5191,tt0496350,The Marsh,The Marsh,2006,\N,92,3184.0,False
5194,tt0497316,Adrift in Manhattan,Adrift in Manhattan,2007,\N,91,1741.0,False
5223,tt0758781,Seed,Seed,2006,\N,90,6955.0,False
5225,tt0760187,The Tripper,,2006,\N,93,6044.0,False
5243,tt0770802,Samsara,Samsara,2011,\N,102,34908.0,True
5271,tt0787462,Elvis and Anabelle,,2007,\N,106,5444.0,True
5283,tt0795461,Scary Movie V,Scary Movie 5,2013,\N,88,69224.0,False
5286,tt0796307,Under the Same Moon,,2007,\N,106,6890.0,True
5293,tt0802983,Doraemon the Movie: Nobita's Dinosaur,Doraemon: Nobita no kyôryû,2006,\N,107,1056.0,True
5326,tt0814255,Percy Jackson & the Olympians: The Lightning Thief,,2010,\N,118,183678.0,False
5338,tt0817538,Drillbit Taylor,Drillbit Taylor,2008,\N,110,,False
5355,tt0827181,Hide,Hide,2008,\N,97,1158.0,False
5366,tt0834170,Autumn Ball,Sügisball,2007,\N,123,1983.0,True
5368,tt0835418,The Babymakers,,2012,\N,95,8623.0,False
5384,tt0843372,Sáinikúdú,,2006,\N,169,1737.0,False
5392,tt0847817,Helvetica,Helvetica,2007,\N,80,7786.0,True
5404,tt0857355,The Year My Parents Went on Vacation,O Ano em Que Meus Pais Saíram de Férias,2006,\N,110,6256.0,True
5415,tt0870111,Frost/Nixon,Frost/Nixon,2008,\N,122,106314.0,True
5416,tt0870112,Future by Design,Future by Design,2006,\N,86,1420.0,True
5419,tt0871510,Chak De! India,,\N,2007,153,77964.0,True
5423,tt0875025,Tazza: The High Rollers,Tajja,2006,\N,139,2273.0,True
5424,tt0875034,Nine,,\N,2009,118,43374.0,False
5434,tt0884805,Pars: Operation Cherry,,2007,\N,145,1944.0,False
5452,tt0897347,Thé Échớ,,2008,\N,96,5698.0,False
5466,tt0910885,Á Mérry Friggin' Christmás,,2014,\N,88,6500.0,False
5469,tt0912583,For the Bible Tells Me So,For the Bible Tells Me So,2007,\N,95,4440.0,True
5487,tt0926084,Harry Potter and the Deathly Hallows: Part 1,,2010,\N,146,510633.0,True
5497,tt0936471,Transylmania,Transylmania,2009,\N,92,2685.0,False
5507,tt0949564,Tuya's Marriage,Tuya de hun shi,2006,\N,86,,True
5511,tt0953369,Disco,Disco,2008,\N,103,1525.0,False
5512,tt0954914,Athidhi,Athidhi,2007,\N,300,1891.0,False
5517,tt0959342,Mind the Gap,,\N,2007,103,2038.0,False
5523,tt0962736,The Young Victoria,The Young Victoria,2009,\N,105,60285.0,True
5533,tt0976060,Tokyo!,Tokyo!,2008,\N,112,10640.0,True
5537,tt0977214,Hero Wanted,,2008,\N,94,7166.0,False
5541,tt0978759,Frozen River,Frozen River,2008,\N,97,25431.0,True
5554,tt0985593,Miss Conception,,2008,\N,104,2763.0,False
5559,tt0988849,Donkey Punch,,2008,\N,99,11017.0,False
5575,tt0996934,Farm House,Farm House,2008,\N,95,2421.0,False
5577,tt0997246,The Song of Sparrows,Avaze gonjeshk-ha,2008,\N,96,10229.0,True
5596,tt10126434,Scare Me,Scare Me,2020,\N,104,3576.0,False
5601,tt1014809,Until the Light Takes Us,,2008,\N,93,6032.0,True
5602,tt10148118,Behind the Line: Escape to Dunkirk,Behind the Line: Escape to Dunkirk,2020,\N,87,3594.0,False
5603,tt1015971,The Boys,,2009,\N,101,1099.0,True
5607,tt1016290,Crows Zero,Kurôzu zero,2007,\N,130,8034.0,True
5611,tt10199640,Beanpole,Dylda,2019,\N,130,10319.0,True
5613,tt10199670,Libérté,,2019,\N,138,1025.0,False
5624,tt10230436,Yeh Ballet,Yeh Ballet,2020,\N,117,1211.0,True
5627,tt10239930,D-Dáy: Báttlé ớf Ớmáhá Béách,,2019,\N,85,1269.0,False
5629,tt1024964,A Map for Saturday,,2007,\N,90,1178.0,True
5636,tt10279362,French Exit,French Exit,2020,\N,113,5343.0,False
5644,tt10295212,Shérshááh,Shershaah,\N,2021,135,109385.0,True
5646,tt10308928,Force of Nature,Force of Nature,2020,\N,91,9862.0,False
5647,tt10309552,12 Hour Shift,12 Hour Shift,2020,\N,86,3906.0,False
5658,tt10334602,Sivappu Manjal Pachai,Sivappu Manjal Pachai,2019,\N,140,1551.0,True
5670,tt10358022,Nightlife,Nightlife,2020,\N,111,1663.0,False
5672,tt10370380,The Windermere Children,The Windermere Children,2020,\N,88,2785.0,True
5682,tt10443252,ECCO,Ecco,2019,\N,123,2083.0,True
5692,tt1047832,Linewatch,Linewatch,2008,\N,90,2744.0,False
5702,tt10521092,The Forgotten Battle,,2020,\N,124,20132.0,True
5723,tt1059836,Transit,,2012,\N,88,11151.0,False
5730,tt10645682,The Jack in the Box,The Jack in the Box,\N,2019,87,1303.0,False
5734,tt10662234,Into the Beat,Into the Beat - Dein Herz tanzt,2020,\N,102,,False
5738,tt10682266,Hubie Halloween,Hubie Halloween,2020,\N,103,45945.0,False
5739,tt1068646,The Class,,2008,\N,128,34893.0,True
5755,tt10751548,Mudda 370 J&K,Mudda 370 J&K,2019,\N,132,,True
5758,tt10763618,Tune in for Love,,2019,\N,122,3339.0,True
5759,tt10768678,Boy,Boy,2019,\N,129,1280.0,True
5768,tt1082577,Deadly Impact,,2010,\N,96,2572.0,False
5771,tt1083452,Eddie the Eagle,Eddie the Eagle,\N,2015,106,,True
5772,tt10834986,Gumnaami,Gumnaami,2019,\N,142,1913.0,True
5787,tt10888594,Rádhé,Radhe,2021,\N,135,174144.0,False
5792,tt1090671,No Man's Land: The Rise of Reeker,,2008,\N,88,3292.0,False
5859,tt1119646,The Hangover,,2009,\N,100,,True
5862,tt1120985,Blue Valentine,,2010,\N,112,191955.0,True
5865,tt11230868,Kappela,,\N,2020,113,2982.0,True
5867,tt11235772,The Voyeurs,The Voyeurs,2021,\N,120,13027.0,False
5889,tt11307814,Red Dot,Red Dot,2021,\N,86,12409.0,False
5927,tt1139085,1612: Khrớniki smútnớgớ vréméni,,2007,\N,144,2187.0,False
5942,tt11457736,My Dad's Christmas Date,,2020,\N,91,1384.0,False
5951,tt11506054,Úmá Máhéswárá Úgrá Rớớpásyá,Uma Maheswara Ugra Roopasya,2020,\N,136,,True
5960,tt1152282,Rak haeng Siam,,2007,\N,178,3940.0,True
5971,tt1155652,The Garden of Sinners: Remaining Sense of Pain,Gekijô ban Kara no kyôkai: Dai san shô - Tsukakû zanryû,2008,\N,58,1588.0,True
5973,tt1156444,Triad Wars,Duo shuai,2008,\N,117,1075.0,False
5974,tt1156516,Ready,,2008,\N,165,1290.0,True
5975,tt11576124,Rogue,Rogue,2020,\N,105,7597.0,False
6007,tt1171701,Thé Bréáth,Nefes: Vatan Sagolsun,2009,\N,128,33021.0,True
6010,tt1172587,Délhi Sáfári,,2012,\N,96,1741.0,False
6030,tt1179781,Mission Istaanbul,,2008,\N,130,1145.0,False
6035,tt1182921,Ninja,Ninja,2009,\N,86,12947.0,False
6043,tt1186369,Lorna's Silence,,2008,\N,105,8715.0,True
6083,tt1204342,The Muppets,,2011,\N,120,90510.0,True
6097,tt1212974,Bitch Slap,Bitch Slap,2009,\N,109,13710.0,False
6103,tt12192190,One Night in Bangkok,,2020,\N,105,1852.0,False
6106,tt1220628,I Hope They Serve Beer in Hell,I Hope They Serve Beer in Hell,2009,\N,105,,False
6121,tt1229822,Jane Eyre,Jane Eyre,2011,\N,120,85416.0,True
6127,tt1231287,Lábớr Páins,,2009,\N,90,11246.0,False
6140,tt12361974,Zack Snyder's Justice League,Zack Snyder's Justice League,2021,\N,242,349089.0,True
6145,tt1239426,Hipsters,,2008,\N,130,4695.0,True
6174,tt1255919,Holmes & Watson,Holmes & Watson,2018,\N,90,34708.0,False
6185,tt1262877,Coco,Coco,2009,\N,95,1518.0,False
6203,tt1270761,Don't Be Afraid of the Dark,,2010,\N,99,48109.0,False
6214,tt1276962,How to Make Money Selling Drugs,,2012,\N,96,6720.0,True
6217,tt1278124,Detour,,2009,\N,77,1446.0,False
6228,tt1285009,The Strangers: Prey at Night,The Strangers: Prey at Night,2018,\N,85,,False
6234,tt1286146,Full Love,,2010,\N,108,1897.0,True
6238,tt1286163,Muro: Nalet Olsun Içimdeki Insan Sevgisine,Muro: Nalet Olsun Içimdeki Insan Sevgisine,2008,\N,90,3057.0,False
6240,tt1287468,Cats & Dogs: The Revenge of Kitty Galore,,\N,2010,82,14855.0,False
6251,tt1291545,Love and Dance,Kochaj i tancz,2009,\N,118,1079.0,False
6253,tt1291549,Meet Monica Velour,,2010,\N,96,2341.0,False
6259,tt1294970,The Angriest Man in Brooklyn,,2014,\N,83,21994.0,False
6272,tt1305869,Sommaren med Göran,Sommaren med Göran,2009,\N,97,3033.0,False
6273,tt13065386,Totally Under Control,,2020,\N,123,3033.0,True
6291,tt1313230,In the Name of the Father,,\N,2006,96,1720.0,False
6299,tt1320082,The Concert,Le concert,2009,\N,119,17866.0,True
6324,tt1333125,Mớvié 43,,2013,\N,94,103178.0,False
6326,tt1334254,Maharathi,Maharathi,2008,\N,114,1016.0,True
6337,tt13393728,The Con-Heartist,The Con-Heartist,\N,2020,128,1387.0,True
6341,tt1341340,A Warrior's Heart,,2011,\N,86,2411.0,False
6353,tt13453006,Red Rocket,Red Rocket,2021,\N,128,1072.0,True
6362,tt1351224,Pyáár Impớssiblé,Pyaar Impossible!,2010,\N,140,3108.0,False
6365,tt1352393,Little Secret,,2016,\N,107,3577.0,True
6389,tt13694628,Nitrám,,2021,\N,112,1816.0,True
6393,tt1370429,99,,\N,2009,135,2852.0,True
6397,tt1374990,The Prodigies,The Prodigies,2011,\N,87,1650.0,False
6398,tt1375789,Rácé 2,,2013,\N,150,16047.0,False
6407,tt1382339,Santhosh Subramaniyam,Santhosh Subramaniyam,2008,\N,177,1546.0,True
6409,tt1385824,13B: Fear Has a New Address,,2009,\N,138,6827.0,True
6420,tt1392190,Mád Máx: Fúry Rớád,Mad Max: Fury Road,2015,\N,120,940920.0,True
6433,tt13990280,Bhramam,Bhramam,\N,2021,152,,False
6446,tt1407052,Wrinkles,Arrugas,2011,\N,89,4148.0,True
6454,tt1411277,Lover or Loser,,2009,\N,110,1548.0,False
6497,tt1438298,Guzaarish,,2010,\N,126,18154.0,True
6501,tt1440732,Bel Ami,,2012,\N,102,18374.0,False
6503,tt1441912,The Way,The Way,2010,\N,123,32040.0,True
6515,tt14539726,Breaking Boundaries: The Science of Our Planet,,2021,\N,73,2175.0,True
6533,tt14700948,Friéndzớné,Friendzone,2021,\N,88,2250.0,False
6544,tt1480658,Eddie: The Sleepwalking Cannibal,Eddie,2012,\N,90,,False
6553,tt1485763,One Piece: Strong World,Wan pisu firumu: sutorongu warudo,2009,\N,113,5039.0,True
6557,tt14878948,15/07 Safak Vakti,,2021,\N,95,20368.0,False
6558,tt14880258,Deep,,2021,\N,101,1168.0,False
6561,tt1489946,The Blackout,,2009,\N,80,1710.0,False
6566,tt1492705,All I Wish,All I Wish,2017,\N,94,1500.0,False
6605,tt1523267,Arctic Blast,,2010,\N,92,,False
6606,tt1523415,Bes Sehir,Bes Sehir,2009,\N,95,2280.0,True
6624,tt1535109,Cáptáin Phillips,Captain Phillips,2013,\N,134,441709.0,True
6630,tt1536410,Faces in the Crowd,,2011,\N,103,19065.0,False
6635,tt1539997,Kerala Cafe,Kerala Cafe,\N,2009,140,1082.0,True
6670,tt1565068,Piazza Fontana: The Italian Conspiracy,,2012,\N,129,2447.0,True
6682,tt1569364,Black Lightning,,\N,2009,102,4921.0,False
6683,tt15694846,Prince the Fighter,Prince the Fighter,2021,\N,121,1055.0,True
6684,tt1570538,Ádá: Zớmbilérin Dügünü,Ada: Zombilerin Dügünü,2010,\N,77,1561.0,False
6686,tt1570732,Vettaikaaran,,2009,\N,166,4661.0,False
6688,tt1571724,Honey,,2010,\N,103,7025.0,True
6691,tt1576440,Good Neighbours,Good Neighbours,2010,\N,99,5331.0,False
6699,tt1582507,House at the End of the Street,,2012,\N,101,,False
6719,tt1592292,Zérớ 2,Zero 2,2010,\N,90,,True
6722,tt1596343,Fást Fivé,Fast Five,2011,\N,130,369424.0,True
6736,tt1603257,ATM,ATM,\N,2012,90,23492.0,False
6752,tt1613062,The Music Never Stopped,,2011,\N,105,8208.0,True
6759,tt1617620,Á Hớrriblé Wáy tớ Dié,,2010,\N,87,3634.0,False
6771,tt1623757,Machete Maidens Unleashed!,,2010,\N,84,1657.0,True
6783,tt1638002,"Love, Rosie","Love, Rosie",2014,\N,102,132113.0,True
6786,tt1640218,Evidence,,2012,\N,78,4882.0,False
6815,tt1656186,Stolen,Stolen,2012,\N,96,44481.0,False
6819,tt1659343,Universal Soldier: Day of Reckoning,Universal Soldier: Day of Reckoning,2012,\N,114,20023.0,False
6835,tt1667076,F.A.L.T.U,,2011,\N,120,3036.0,False
6866,tt1691152,Dávid Lynch: Thé Árt Lifé,,2016,\N,88,,True
6873,tt1697800,Die in a Gunfight,Die in a Gunfight,2021,\N,92,1824.0,False
6880,tt1703049,Trigun: Badlands Rumble,Trigun: Badlands Rumble,2010,\N,90,5211.0,True
6887,tt1707391,4:44 Last Day on Earth,,2011,\N,82,5330.0,False
6899,tt1714917,Gimmé Dángér,,\N,2016,108,5525.0,True
6901,tt1715320,Bending the Rules,,2012,\N,83,2250.0,False
6912,tt1722450,Inadequate People,,2010,\N,102,4407.0,True
6917,tt1725969,Ethel & Ernest,Ethel & Ernest,2016,\N,94,3220.0,True
6933,tt1734477,Públic Spéáking,Public Speaking,2010,\N,84,1993.0,True
6969,tt1774591,Teenage Cocktail,Teenage Cocktail,2016,\N,88,5364.0,False
6973,tt1778931,Manny,,\N,2014,88,2262.0,True
6980,tt1783423,Çakallarla Dans,Çakallarla Dans,2010,\N,102,6589.0,False
6981,tt1783721,First Time Loser,First Time Loser,2012,\N,90,1325.0,True
6988,tt1787725,If a Tree Falls: A Story of the Earth Liberation Front,If a Tree Falls: A Story of the Earth Liberation Front,2011,\N,85,3187.0,True
6991,tt1789083,The Weight of Chains,,2010,\N,125,4331.0,True
7029,tt1817771,Freaks of Nature,Freaks of Nature,2015,\N,92,,False
7032,tt1821682,Traffic,,2011,\N,122,4633.0,True
7034,tt1823059,Á Pérféct Énding,,2012,\N,110,4204.0,False
7047,tt1830713,Big Ass Spider!,,2013,\N,80,7147.0,False
7048,tt1830786,Rascals,Rascals,2011,\N,128,,False
7049,tt1830802,Shala,,2011,\N,108,1859.0,True
7059,tt1839492,Ruby Sparks,Ruby Sparks,2012,\N,104,98774.0,True
7069,tt1847713,The Guillotines,Xue di zi,2012,\N,112,1338.0,False
7074,tt1854506,Aliens vs. Avatars,,2011,\N,80,1665.0,False
7079,tt1855325,Résidént Évil: Rétribútiớn,Resident Evil: Retribution,\N,2012,95,138209.0,False
7091,tt1863203,The Employer,,2013,\N,90,1312.0,False
7112,tt1886493,Catch .44,Catch .44,2011,\N,94,17117.0,False
7123,tt1900908,Klip,Klip,2012,\N,102,6664.0,False
7124,tt1901024,Dárk Crimés,True Crimes,2016,\N,92,21100.0,False
7141,tt1925479,Officer Down,Officer Down,2013,\N,98,,False
7146,tt1928340,After the Dark,,2013,\N,107,22003.0,False
7147,tt1930294,Bláck Rớck,Black Rock,2012,\N,83,9000.0,False
7188,tt1972646,Eames: The Architect & The Painter,Eames: The Architect & The Painter,2011,\N,85,1085.0,True
7205,tt1993391,10 Rules for Sleeping Around,,2013,\N,94,2902.0,False
7206,tt1996226,Darling Nikki,Darling Nikki,2019,\N,62,,False
7213,tt2005363,Tekken: Blood Vengeance,,2011,\N,100,5438.0,False
7245,tt2049543,Synchronicity,Synchronicity,2015,\N,101,10682.0,False
7251,tt2057931,Thé Fớstér Bớy,,2011,\N,107,1412.0,True
7272,tt2072933,Cớttágé Cớúntry,,2013,\N,91,4371.0,False
7273,tt2073086,Still Mine,Still Mine,2012,\N,102,4268.0,True
7274,tt2076220,Holy Motors,Holy Motors,2012,\N,115,44730.0,True
7323,tt2120057,Éxpirátiớn,,2011,\N,92,1986.0,False
7326,tt2124787,Finál Girl,Final Girl,2015,\N,84,15540.0,False
7335,tt2140465,Tanu Weds Manu Returns,,2015,\N,128,28091.0,True
7343,tt2150209,My Grandfather's People,Dedemin Insanlari,2011,\N,126,,True
7356,tt2171847,Dead Mine,Dead Mine,2012,\N,87,3059.0,False
7363,tt2178470,Yeh Jawaani Hai Deewani,,2013,\N,160,41872.0,True
7364,tt2178508,Son of Sardaar,,2012,\N,141,9401.0,False
7365,tt2179087,I Will Follow You Into the Dark,,2012,\N,112,1279.0,False
7370,tt2180333,Crowsnest,Crowsnest,2012,\N,84,1623.0,False
7371,tt2180351,Éáting Ánimáls,,\N,2017,94,1063.0,True
7385,tt2190483,Living,Zhit,2012,\N,119,1584.0,True
7409,tt2210479,Berserk: The Golden Age Arc I - The Egg of the King,Berserk: Ougon Jidai-hen I - Haou no Tamago,2012,\N,76,,True
7426,tt2224902,Ságúni,Saguni,2012,\N,148,1063.0,False
7449,tt2245195,The History of Future Folk,The History of Future Folk,2012,\N,86,3120.0,True
7454,tt2250912,Spider-Man: Homecoming,,2017,\N,133,569366.0,True
7456,tt2252552,Gutshot Straight,,2014,\N,85,1621.0,False
7457,tt2257602,The Staircase II: The Last Chance,,2013,\N,130,2213.0,True
7459,tt2261749,Thé Gildéd Cágé,La cage dorée,2013,\N,90,10047.0,True
7463,tt2265381,Ishq,,2012,\N,160,1872.0,True
7473,tt2277834,Dárk Cớvé,Dark Cove,2016,\N,84,1145.0,False
7508,tt2312184,All About the Money,,2017,\N,90,4179.0,False
7558,tt2363047,22 Female Kottayam,22 Female Kottayam,2012,\N,120,2272.0,True
7566,tt2367066,Lord of Tears,,2013,\N,104,1486.0,False
7576,tt2374002,Sweet Little Lies,Minte-mã frumos,2012,\N,98,1035.0,True
7600,tt2393827,Howl,Howl,2015,\N,92,13080.0,False
7614,tt2401223,Richard Pryor: Omit the Logic,,2013,\N,83,1595.0,True
7622,tt2404425,Woman in Gold,Woman in Gold,2015,\N,109,56834.0,True
7626,tt2409302,Why Don't You Play in Hell?,Jigoku de naze warui,2013,\N,129,7872.0,True
7641,tt2429144,Chambaili,Chambaili,2013,\N,133,1108.0,True
7652,tt2446600,Next Goal Wins,,2014,\N,97,2556.0,True
7659,tt2464690,The Rack Pack,The Rack Pack,2016,\N,87,1198.0,True
7660,tt2465140,The Single Moms Club,The Single Moms Club,2014,\N,111,6224.0,False
7664,tt2467442,K2: Siren of the Himalayas,K2: Siren of the Himalayas,2012,\N,75,1073.0,True
7669,tt2474932,Despite the Falling Snow,Despite the Falling Snow,2016,\N,93,2929.0,False
7671,tt2475154,Elena,,2012,\N,80,,True
7677,tt2489734,The Trials of Muhammad Ali,,2013,\N,86,1130.0,True
7687,tt2509922,Where the Trail Ends,Where the Trail Ends,2012,\N,88,1297.0,True
7693,tt2518788,1,1,2013,\N,112,4089.0,True
7702,tt2543472,Wớndér,,2017,\N,113,155151.0,True
7706,tt2548738,Rich Hill,Rich Hill,2014,\N,91,2337.0,True
7710,tt2556308,Holiday: A Soldier is Never Off Duty,Holiday,2014,\N,160,27439.0,True
7726,tt2578608,Krampus: The Christmas Devil,Krampus: The Christmas Devil,2013,\N,82,1789.0,False
7729,tt2582502,Fathers & Daughters,Fathers & Daughters,2015,\N,116,25731.0,True
7732,tt2584384,Jớjớ Rábbit,,2019,\N,108,348028.0,True
7734,tt2585562,Pizza,Pizza,2012,\N,127,7620.0,True
7737,tt2597892,Viral,,\N,2016,85,8754.0,False
7748,tt2621000,Jớlly LLB,Jolly LLB,2013,\N,135,,True
7749,tt2622826,Avalanche Sharks,,2014,\N,82,2223.0,False
7766,tt2674358,The Hunter's Prayer,The Hunter's Prayer,2017,\N,91,,False
7769,tt2689958,Big Sky,Big Sky,2015,\N,90,,False
7771,tt2692904,Locke,Locke,2013,\N,85,144298.0,True
7824,tt2836166,Punk's Dead: SLC Punk 2,,\N,2016,75,1029.0,False
7829,tt2852406,Omar,,2013,\N,98,13941.0,True
7845,tt2885628,Nina Forever,Nina Forever,2015,\N,98,4792.0,False
7856,tt2909124,Blood Widow,Blood Widow,2014,\N,84,1022.0,False
7875,tt2942016,Actor for Hire,Actor for Hire,2015,\N,90,1344.0,True
7884,tt2955096,Happy Christmas,Happy Christmas,2014,\N,82,8132.0,False
7902,tt2999718,Fiébré Sálsérá,Fiebre Salsera,2016,\N,\N,3495.0,True
7910,tt3029476,Pressure,,2015,\N,91,5359.0,False
7912,tt3032074,Báchélớr,,2004,\N,148,1086.0,True
7916,tt3034258,Meu Passado Me Condena: O Filme,Meu Passado Me Condena: O Filme,2013,\N,102,2247.0,False
7947,tt3094816,Diet of Sex,,2014,\N,72,,False
7949,tt3100678,House of Manson,,2014,\N,98,3105.0,False
7955,tt3107246,Irandam Ulagam,Irandam Ulagam,2013,\N,158,1259.0,False
7972,tt3140100,Department Q: The Absent One,,2014,\N,119,22461.0,True
7973,tt3141912,Gun Woman,Gun Woman,2014,\N,86,3180.0,False
7978,tt3148952,The Circle,Der Kreis,\N,2014,102,1565.0,True
7980,tt3152098,Mega Shark vs. Mecha Shark,Mega Shark vs. Mecha Shark,2014,\N,85,3152.0,False
7982,tt3155242,Pártisán,Partisan,2015,\N,94,,False
7994,tt3182596,Factory Girl,Fatat el masnaa,2013,\N,90,1367.0,True
8014,tt3219268,Idharkuthane Aasaipattai Balakumara,,\N,2013,136,1778.0,True
8022,tt3244446,Blééding Héárt,,2015,\N,80,2082.0,False
8028,tt3259178,Free Fall,,2014,\N,90,2007.0,False
8044,tt3289080,Asylum of Fear,Asylum of Fear,2018,\N,79,6360.0,False
8051,tt3301196,Neverlake,Neverlake,2013,\N,86,2284.0,False
8061,tt3320542,Ugramm,,2014,\N,132,5721.0,True
8067,tt3334418,Living Among Us,Living Among Us,\N,2018,87,2744.0,False
8105,tt3424690,Havenhurst,Havenhurst,2016,\N,85,,False
8106,tt3426262,Pannaiyarum Padminiyum,Pannaiyarum Padminiyum,2014,\N,151,1657.0,True
8122,tt3469918,Jack,,2014,\N,103,1179.0,True
8128,tt3478962,My King,Mon roi,2015,\N,124,12363.0,True
8132,tt3486080,Lancaster Skies,,2019,\N,98,,False
8134,tt3487610,Malevolence 3: Killer,,2018,\N,89,2506.0,False
8135,tt3487994,Bloodsucking Bastards,Bloodsucking Bastards,2015,\N,86,5876.0,False
8136,tt3488056,10.0 Earthquake,,2014,\N,88,2156.0,False
8142,tt3496372,Thé Intrúdérs,,2015,\N,92,3092.0,False
8144,tt3499048,Gueros,Güeros,2014,\N,106,3907.0,True
8150,tt3503840,Absolution,Absolution,2015,\N,96,3362.0,False
8154,tt3510372,Éxcúsé My Frénch,Excuse My French,2014,\N,99,4300.0,True
8163,tt3521192,Crimean,,2014,\N,114,1266.0,True
8172,tt3538766,Messi,Messi,2014,\N,93,3850.0,True
8185,tt3557406,Don't Grow Up,Don't Grow Up,\N,2015,81,1168.0,False
8260,tt3707104,Miné,,2016,\N,106,16979.0,False
8262,tt3711164,Sathuranga Vettai,,2014,\N,145,3041.0,True
8277,tt3733778,Pay the Ghost,Pay the Ghost,2015,\N,94,16931.0,False
8281,tt3735554,Freetown,,2015,\N,113,1255.0,False
8285,tt3742378,The Second Mother,,\N,2015,112,14245.0,True
8290,tt3748440,Blúé Mớúntáin Státé: Thé Risé ớf Thádlánd,Blue Mountain State: The Rise of Thadland,2016,\N,90,15337.0,False
8293,tt3752930,Déárést,,2014,\N,128,,True
8298,tt3774802,Pandemic,Pandemic,2016,\N,91,9197.0,False
8301,tt3781616,Checkmate,,2015,\N,102,1327.0,False
8307,tt3801252,Ná Málớớm Áfráád,Na Maloom Afraad,2014,\N,137,4012.0,True
8310,tt3810932,Drushyam,,2014,\N,150,4073.0,True
8319,tt3822388,Madras,Madras,2014,\N,156,4116.0,True
8338,tt3860294,Ogni maledetto Natale,Ogni maledetto Natale,2014,\N,95,1108.0,False
8348,tt3894344,Sivas,Sivas,\N,2014,97,3263.0,True
8372,tt3961964,Raining Hell,Tar Pit,2015,\N,85,3808.0,True
8403,tt4028134,Lake Fear,,2014,\N,89,2028.0,False
8426,tt4076058,Wé Áré Yớúng. Wé Áré Strớng.,,2014,\N,123,,True
8436,tt4086018,Charming,Charming,2018,\N,85,3331.0,False
8443,tt4116284,The Lego Batman Movie,The Lego Batman Movie,2017,\N,104,139797.0,True
8448,tt4126568,Open Water 3: Cage Dive,Open Water 3: Cage Dive,2017,\N,80,4309.0,False
8464,tt4158594,Boar,Boar,2017,\N,96,3122.0,False
8472,tt4176556,Twớ Friénds,Les deux amis,2015,\N,100,1796.0,False
8491,tt4209788,Molly's Game,Molly's Game,2017,\N,140,158727.0,True
8492,tt4217392,Kung Fu Yoga,,2017,\N,107,9800.0,False
8507,tt4269118,Seven in Heaven,Seven in Heaven,2018,\N,94,2642.0,False
8511,tt4281724,Terrifier,,2016,\N,82,16742.0,False
8517,tt4295992,Seni Seviyorum Adamim,,2014,\N,\N,1022.0,False
8518,tt4297380,Theresa & Allison,,2019,\N,120,1995.0,False
8524,tt4307692,Traumfrauen,,2015,\N,109,2437.0,False
8528,tt4316236,The Black Panthers: Vanguard of the Revolution,,2015,\N,115,,True
8529,tt4323370,Survivors Guide To Prison,Survivors Guide to Prison,2018,\N,102,1135.0,True
8552,tt4375438,The Club,El club,2015,\N,98,10728.0,True
8577,tt4435082,Running Wild,Running Wild,2017,\N,99,1373.0,False
8593,tt4476736,Hámlét,,2015,\N,217,2110.0,True
8603,tt4510398,4Got10,4Got10,2015,\N,84,2192.0,False
8620,tt4559006,Ae Dil Hai Mushkil,Ae Dil Hai Mushkil,2016,\N,158,22504.0,False
8626,tt4575576,Christopher Robin,,2018,\N,104,74017.0,True
8639,tt4621256,South Bureau Homicide,South Bureau Homicide,\N,2016,78,1974.0,True
8662,tt4686108,Love Beats Rhymes,Love Beats Rhymes,2017,\N,106,1035.0,False
8663,tt4686862,Almost Adults,,2016,\N,90,2906.0,False
8668,tt4705740,Ghosts of Darkness,,2017,\N,82,1873.0,False
8675,tt4729430,Klaus,Klaus,2019,\N,96,125968.0,True
8698,tt4791276,Down River,,2018,\N,70,1973.0,False
8701,tt4797436,Jack Goes Home,,2016,\N,100,2311.0,False
8718,tt4862506,Thé Hớlly Káné Éxpérimént,The Holly Kane Experiment,2017,\N,103,2194.0,False
8720,tt4864624,Hớllớw in thé Lánd,,2017,\N,92,1773.0,False
8728,tt4881578,Zappa,,2020,\N,129,2561.0,True
8752,tt4934950,Talvar,Talvar,2015,\N,132,33776.0,True
8758,tt4943992,Mántớ,,2015,\N,127,1161.0,True
8760,tt4955566,Almost Friends,,2016,\N,101,4953.0,False
8766,tt4971824,Very Big Shot,Film Kteer Kbeer,2015,\N,107,1377.0,True
8774,tt4991112,They Remain,They Remain,2018,\N,102,1363.0,False
8776,tt4994736,My Mother's Wound,,\N,2016,120,3477.0,True
8778,tt5004766,Birdboy: The Forgotten Children,,2015,\N,76,2429.0,True
8790,tt5046534,Felix Manalo,Felix Manalo,2015,\N,178,,True
8793,tt5059406,I Am the Pretty Thing That Lives in the House,,2016,\N,89,14181.0,False
8800,tt5073620,Below Her Mouth,Below Her Mouth,2016,\N,94,11654.0,False
8825,tt5128266,10 Éndráthúkúllá,10 Endrathukulla,2015,\N,144,1321.0,False
8828,tt5129682,King Cobra,King Cobra,2016,\N,91,8808.0,False
8833,tt5157030,Keeper of Darkness,Tor dei gui mou yan,2015,\N,105,1154.0,False
8840,tt5162658,Gold,Oro,2017,\N,103,1646.0,False
8849,tt5187886,Abracadabra,,2017,\N,96,2479.0,False
8850,tt5189828,Mohawk,,2017,\N,91,1506.0,False
8861,tt5222918,The Other Side of Hope,Toivon tuolla puolen,2017,\N,100,11756.0,True
8872,tt5255710,Sánám Téri Kásám,Sanam Teri Kasam,2016,\N,154,12268.0,True
8873,tt5258324,Atelophobia: Chapter 2,,2018,\N,75,1235.0,False
8907,tt5338644,Mrs. Hyde,Madame Hyde,2017,\N,95,1461.0,False
8933,tt5458088,Kammatti Paadam,,2016,\N,177,4447.0,True
8937,tt5461944,Hớtél Múmbái,Hotel Mumbai,2018,\N,123,59475.0,True
8939,tt5464234,Kill Switch,,2017,\N,91,8492.0,False
8945,tt5473090,Swinging Safari,Swinging Safari,2018,\N,97,2423.0,False
8949,tt5478478,Hostiles,Hostiles,\N,2017,134,79543.0,True
8951,tt5481984,Sinister Squad,Sinister Squad,\N,2016,90,1074.0,False
8959,tt5505188,Ali Kundilli 2,Ali Kundilli 2,2016,\N,102,1009.0,False
8960,tt5510934,The Unnamed,Oggatonama,\N,2016,100,4848.0,True
8966,tt5526028,Dớú Kyú Séi: Clássmátés,,2016,\N,60,,True
8971,tt5539054,You Get Me,You Get Me,\N,2017,89,12566.0,False
8979,tt5563324,Intrusion,,2021,\N,92,12047.0,False
8996,tt5598292,Polaroid,Polaroid,2019,\N,88,13224.0,False
9017,tt5662550,Dead Trigger,Dead Trigger,2017,\N,91,1088.0,False
9023,tt5679554,Cớffin 2,Coffin 2,2017,\N,101,4558.0,False
9024,tt5680626,30 Yéárs Ágớ,,2016,\N,145,1941.0,True
9046,tt5716280,Welcome the Stranger,Welcome the Stranger,2018,\N,94,2062.0,False
9053,tt5723272,In the Fade,,2017,\N,106,31160.0,True
9055,tt5726086,Insidiớús: Thé Lást Kéy,,\N,2018,103,57356.0,False
9085,tt5805252,Budhia Singh: Born to Run,,2016,\N,112,1462.0,True
9089,tt5810122,Lét Hér Ớút,Let Her Out,2016,\N,89,1672.0,False
9124,tt5910350,Çalgi Çengi Ikimiz,Çalgi Çengi Ikimiz,2017,\N,116,4501.0,False
9131,tt5929654,Think Liké á Dớg,,2020,\N,91,1536.0,False
9134,tt5940448,Bláck Créék,,2017,\N,80,1662.0,False
9157,tt6002232,Custody,,2017,\N,93,8895.0,True
9163,tt6043072,Untogether,Untogether,2018,\N,98,1494.0,False
9177,tt6076366,Aandavan Kattalai,,2016,\N,151,2605.0,True
9178,tt6081632,Marie-Francine,Marie-Francine,2017,\N,95,1153.0,False
9217,tt6197494,Malicious,,2018,\N,90,3744.0,False
9220,tt6203570,Mountain,Mountain,2017,\N,74,3993.0,True
9222,tt6211580,"Thé Gớớd, thé Bád, thé Cớrny",Khoob Bad Jelf,2017,\N,105,2000.0,False
9225,tt6214722,If I Leave Here Tomorrow: A Film About Lynyrd Skynyrd,If I Leave Here Tomorrow: A Film About Lynyrd Skynyrd,2018,\N,97,1204.0,True
9226,tt6215044,Oceans Rising,,2017,\N,87,1821.0,False
9255,tt6330052,Gáúgúin: Vớyágé tớ Táhiti,,2017,\N,102,2019.0,False
9282,tt6421110,Proud Mary,Proud Mary,2018,\N,89,9647.0,False
9301,tt6502956,Yúcátán,Yucatán,2018,\N,129,,False
9302,tt6506264,The Colony,Tides,\N,2021,104,4335.0,False
9306,tt6511932,The Beach Bum,The Beach Bum,\N,2019,95,20996.0,False
9329,tt6593054,Drive,,2019,\N,147,7374.0,False
9330,tt6598072,The Ranger,,\N,2018,77,2166.0,False
9350,tt6673840,Spacewalk,Vremya pervykh,2017,\N,137,7009.0,True
9367,tt6752848,Bớmbshéll: Thé Hédy Lámárr Stớry,Bombshell: The Hedy Lamarr Story,2017,\N,88,3587.0,True
9382,tt6824530,United Nation Three Decades of Drum & Bass,,2020,\N,92,2290.0,True
9386,tt6834916,Legacy of Lies,Legacy of Lies,2020,\N,101,3087.0,False
9398,tt6857040,Thé Áppéáráncé,,\N,2018,111,1216.0,False
9402,tt6872846,Scales,Sayyedat al-Bahr,2019,\N,74,,False
9416,tt6972140,Blackmail,Blackmail,2018,\N,138,10224.0,True
9417,tt6974888,Driven to Dance,,\N,2018,98,,False
9428,tt7038246,Brooklyn Love Stories,Bushwick Beats,2019,\N,84,1083.0,False
9434,tt7056732,Midnight Runners,,\N,2017,109,6516.0,True
9442,tt7089878,Liz and the Blue Bird,Rizu to aoi tori,2018,\N,90,1461.0,True
9451,tt7150512,2040,,\N,2019,92,1150.0,True
9455,tt7180544,The Brawler,Mukkabaaz,2017,\N,154,7322.0,True
9468,tt7230750,The Velvet Underground,The Velvet Underground,2021,\N,121,2281.0,True
9479,tt7262990,Deadcon,Deadcon,2019,\N,78,1227.0,False
9485,tt7284204,Summer '03,,2018,\N,95,3193.0,False
9522,tt7399138,Récép Ivédik 6,Recep Ivedik 6,2019,\N,110,6503.0,False
9523,tt7400974,Turned Out,,2018,\N,\N,2373.0,True
9546,tt7531040,Meyaadha Maan,,2017,\N,147,1012.0,True
9557,tt7550952,Hürkus,,2018,\N,113,1087.0,False
9561,tt7579788,The Cropsey Incident,The Cropsey Incident,2017,\N,85,1388.0,False
9564,tt7588752,The Problem with Apu,The Problem with Apu,2017,\N,49,2385.0,False
9571,tt7620554,Loqueesha,Loqueesha,2019,\N,98,1996.0,False
9577,tt7645102,Burial Ground Massacre,Burial Ground Massacre,2021,\N,100,1577.0,False
9589,tt7690638,Soorma,,2018,\N,131,4983.0,True
9610,tt7820846,Love Will Take Over,,2018,\N,140,2226.0,False
9619,tt7858616,Luz,Luz,\N,2018,70,2417.0,False
9634,tt7905466,They Shall Not Grow Old,They Shall Not Grow Old,2018,\N,99,32903.0,True
9645,tt7970348,The Stand In,,2020,\N,101,3046.0,False
9648,tt7979580,Thé Mitchélls vs thé Máchinés,,2021,\N,113,,True
9649,tt7980006,Alt-Right: Age of Rage,Alt-Right: Age of Rage,\N,2018,104,1040.0,False
9658,tt8004664,Cớmé Pláy,Come Play,2020,\N,96,11288.0,False
9669,tt8042248,Káncháná 3,Kanchana 3,2019,\N,164,1381.0,False
9674,tt8058874,We Summon the Darkness,,2019,\N,91,9358.0,False
9681,tt8076344,Penguin Highway,,2018,\N,117,2724.0,True
9691,tt8106576,The Bleeding Edge,,2018,\N,99,,True
9692,tt8108164,Ék Ládki Kớ Dékhá Tớh Áisá Lágá,Ek Ladki Ko Dekha Toh Aisa Laga,2019,\N,120,4158.0,False
9695,tt8110246,Dark Web: Cicada 3301,Dark Web: Cicada 3301,2021,\N,104,1512.0,False
9700,tt8144834,Section 375,,2019,\N,124,14555.0,True
9707,tt8186932,M.O.M. Mothers of Monsters,M.O.M.: Mothers of Monsters,2020,\N,98,,False
9722,tt8284860,The Huntress: Rune of the Dead,The Huntress: Rune of the Dead,\N,2019,105,,False
9734,tt8332666,Tớné-Déáf,,2019,\N,87,2579.0,False
9737,tt8335482,The Lost Prince,,2020,\N,101,1160.0,False
9747,tt8364418,Adanga Maru,Adanga Maru,2018,\N,145,2268.0,True
9762,tt8404256,Snake Eyes,Snake Eyes: G.I. Joe Origins,2021,\N,121,29098.0,False
9775,tt8497794,Still Human,,2018,\N,115,1348.0,True
9780,tt8523028,Roped,,2020,\N,91,1270.0,False
9794,tt8638420,Strokes of Genius,Strokes of Genius,2018,\N,98,1136.0,True
9795,tt8638640,June,,2019,\N,141,1683.0,True
9809,tt8706988,The Resistance Fighter,,2019,\N,114,1351.0,False
9817,tt8760684,Ápớllớ 11,,2019,\N,93,24434.0,True
9824,tt8787632,Tyger Tyger,Tyger Tyger,2021,\N,92,2138.0,False
9839,tt8897986,Family of Thakurganj,Family of Thakurganj,2019,\N,127,1623.0,True
9851,tt8983202,Kábir Singh,,2019,\N,173,,True
9860,tt9005662,Excursion,,2019,\N,85,4952.0,False
9879,tt9100028,The Little Switzerland,,2019,\N,86,1193.0,False
9885,tt9110340,Andhaghaaram,,2020,\N,171,3574.0,True
9891,tt9147456,"Endings, Beginnings",,2019,\N,110,5260.0,False
9893,tt9165634,Hanum & Rangga,,2018,\N,90,3532.0,False
9896,tt9173264,Sibyl,,2019,\N,100,2789.0,False
9902,tt9179096,Minamata,Minamata,2020,\N,115,15131.0,True
9903,tt9185816,Woodstock: Three Days That Defined a Generation,,2019,\N,106,1607.0,True
9917,tt9252508,Tall Girl,,2019,\N,101,20417.0,False
9918,tt9257484,Rattlesnake,Rattlesnake,2019,\N,85,8297.0,False
9931,tt9358052,Knock Down the House,,2019,\N,87,12285.0,True
9935,tt9382596,The Car: Road to Revenge,,2019,\N,89,,False
9940,tt9419834,Secret Obsession,Secret Obsession,2019,\N,97,20332.0,False
9963,tt9614090,"I Love You, Now Die: The Commonwealth v. Michelle Carter","I Love You, Now Die: The Commonwealth v. Michelle Carter",2019,\N,143,5426.0,True
9968,tt9648672,Stréét Dáncér 3D,Street Dancer 3D,2020,\N,146,,False
9993,tt9845110,Twớ ớf Ús,,2019,\N,99,2451.0,True
9998,tt9904802,Enemy Lines,,2020,\N,92,,False
